<?xml version="1.0" encoding="UTF-8" standalone="yes"?>
<addon id="plugin.audio.bsm3d.sohoradio" name="Soho Radio" version="1.0.0" provider-name="BSM3D">
    <requires>
        <import addon="xbmc.python" version="3.0.0"/>
         <import addon="script.module.requests" version="2.22.0"/>
    </requires>
    <extension point="xbmc.python.pluginsource" library="default.py">
        <provides>audio</provides>
    </extension>
    <extension point="xbmc.addon.metadata">
        <summary lang="en_GB">Soho Radio add-on</summary>
        <description lang="en_GB">Listen to Soho Radio live on Kodi</description>
        <disclaimer lang="en_GB">This third party addon is not in any way commissioned or endorsed by Soho Radio</disclaimer>
        <platform>all</platform>
        <license>GPL-2.0</license>
        <website>https://sohoradiolondon.com/</website>
        <assets>
            <icon>icon.png</icon>
            <fanart>fanart.jpg</fanart>
        </assets>
    </extension>
</addon>